{
    "_timestamp": 1579122269.810112,
    "train_0_loss": 3.6025138050317764,
    "_runtime": 15.519186973571777,
    "_step": 9,
    "train_0_recall": 0.062095754712454584,
    "train_0_recall_grapheme": 0.09967405472613808,
    "train_0_recall_vowel": 0.09967405472613808,
    "train_0_recall_consonant": 0.14633488317817075,
    "valid_1_loss": 3.55486524105072,
    "valid_1_recall": 0.03876947822504464,
    "valid_1_recall_grapheme": 0.02283331360479798,
    "valid_1_recall_vowel": 0.02283331360479798,
    "valid_1_recall_consonant": 0.12940755208333332
}
